<?xml version="1.0" encoding="UTF-8"?>
<!DOCTYPE properties SYSTEM "http://java.sun.com/dtd/properties.dtd">
<properties>
	<!-- board용 SQL 모음 -->
	
	<!-- 게시글 목록 조회 -->
	<entry key="selectAllBoard">
		SELECT BOARD_NO, BOARD_TITLE, MEMBER_NM, CREATE_DT, READ_COUNT,
			(SELECT COUNT(*) FROM "COMMENT" SUB
			 WHERE SUB.BOARD_NO = MAIN.BOARD_NO
			 AND DELETE_FL = 'N') COMMENT_COUNT
		FROM "BOARD" MAIN
		JOIN "MEMBER" USING(MEMBER_NO)
		WHERE DELETE_FL = 'N'
		ORDER BY BOARD_NO DESC
	</entry>
	
	
	<!-- 게시글 상세 조회 -->
	<entry key="selectBoard">
		SELECT BOARD_NO, BOARD_TITLE, BOARD_CONTENT,
			MEMBER_NO, MEMBER_NM, READ_COUNT, CREATE_DT
		FROM "BOARD"
		JOIN "MEMBER" USING(MEMBER_NO)
		WHERE DELETE_FL = 'N' 
		AND BOARD_NO = ?
	</entry>
	
	<!-- 조회수 증가 -->
	<entry key="updateReadCount">
		UPDATE "BOARD"
		SET READ_COUNT = READ_COUNT + 1   
		WHERE BOARD_NO = ?
	</entry>
	
	<!-- 게시글 수정 -->
	<entry key="updateBoard">
		UPDATE "BOARD"
		SET BOARD_TITLE = ?,
			BOARD_CONTENT = ?
		WHERE BOARD_NO = ?
	</entry>
	
	
	<!-- 게시글 삭제 -->
	<entry key="deleteBoard">
		UPDATE "BOARD"
		SET DELETE_FL = 'Y'
		WHERE BOARD_NO = ?
	</entry>
	
	<!-- 다음 게시글 번호 조회 -->
	<entry key="nextBoardNo">
		SELECT SEQ_BOARD_NO.NEXTVAL FROM DUAL
	</entry>
	
	
	<!-- 게시글 삽입 -->
	<entry key="insertBoard">
		INSERT INTO "BOARD"
		VALUES(?, ?, ?, DEFAULT, DEFAULT, DEFAULT, ?)
	</entry>
	
	
	<!-- 게시글 검색1(WHERE절 시작 까지)
		&lt; == "<" 
	 -->
	<entry key="searchBoard1">
		SELECT BOARD_NO, BOARD_TITLE, MEMBER_NM, READ_COUNT, 
			CASE  
				WHEN SYSDATE - CREATE_DT &lt; 1/24/60
				THEN FLOOR( (SYSDATE - CREATE_DT) * 24 * 60 * 60 ) || '초 전'
				WHEN SYSDATE - CREATE_DT &lt; 1/24
				THEN FLOOR( (SYSDATE - CREATE_DT) * 24 * 60) || '분 전'
				WHEN SYSDATE - CREATE_DT &lt; 1
				THEN FLOOR( (SYSDATE - CREATE_DT) * 24) || '시간 전'
				ELSE TO_CHAR(CREATE_DT, 'YYYY-MM-DD')
			END CREATE_DT,
			(SELECT COUNT(*) 
			 FROM "COMMENT" C
			 WHERE C.BOARD_NO = B.BOARD_NO) COMMENT_COUNT		
		FROM "BOARD" B
		JOIN "MEMBER" USING(MEMBER_NO)
		WHERE DELETE_FL = 'N'
	</entry>
	
	<!-- 게시글 검색2(검색 조건) -->
	<entry key="searchBoard2_1">  <!-- 제목 -->
		AND BOARD_TITLE LIKE '%' || ? || '%'
	</entry>
	<entry key="searchBoard2_2"> <!-- 내용 -->
		AND BOARD_CONTENT LIKE '%' || ? || '%'
	</entry>
	<entry key="searchBoard2_3"> <!-- 제목 + 내용 -->
		AND (BOARD_TITLE LIKE '%' || ? || '%'
		OR BOARD_CONTENT LIKE '%' || ? || '%')
	</entry>
	<entry key="searchBoard2_4"> <!-- 작성자 -->
		AND MEMBER_NM LIKE '%' || ? || '%'
	</entry>
	
	
	<!-- 게시글 검색3(ORDER BY) -->
	<entry key="searchBoard3">
		ORDER BY BOARD_NO DESC
	</entry>
	
</properties>






